2022-05-06T15:12:14.000Z,ssh root password guessing
2022-05-12T01:24:47.000Z,ssh user account guessing
2022-08-14T01:29:35.000Z,ssh user account guessing
2022-10-01T05:44:20.000Z,ssh root password guessing
2023-01-26T03:34:26.000Z,ssh root password guessing
2023-01-29T11:04:22.000Z,ssh root password guessing
2023-03-25T03:56:34.000Z,ssh user account guessing
2023-05-20T10:06:24.000Z,ssh user account guessing
2023-05-23T20:14:47.000Z,ssh user account guessing
2023-07-07T23:10:25.000Z,ssh user account guessing
2023-12-08T06:58:54.000Z,ssh root password guessing
